@{Path=C:\Users\aureon\asios-execution-set\ARC\ARC\ARC_PRIZE_SUBMISSION_WINNING_ONLY_VERIFY\evidence\arc_agi_2_task_1_epoch_proof.json; Hash=E3566B3A06430868D71E9287DFD6C6C520A3DA027AABEA01951D407EE131DC2F}
@{Path=C:\Users\aureon\asios-execution-set\ARC\ARC\ARC_PRIZE_SUBMISSION_WINNING_ONLY_VERIFY\evidence\arc_agi_2_task_1_verification.json; Hash=E3566B3A06430868D71E9287DFD6C6C520A3DA027AABEA01951D407EE131DC2F}
@{Path=C:\Users\aureon\asios-execution-set\ARC\ARC\ARC_PRIZE_SUBMISSION_WINNING_ONLY_VERIFY\evidence\arc_solver.py; Hash=E3566B3A06430868D71E9287DFD6C6C520A3DA027AABEA01951D407EE131DC2F}
@{Path=C:\Users\aureon\asios-execution-set\ARC\ARC\ARC_PRIZE_SUBMISSION_WINNING_ONLY_VERIFY\evidence\hashes.sha256; Hash=E3566B3A06430868D71E9287DFD6C6C520A3DA027AABEA01951D407EE131DC2F}
@{Path=C:\Users\aureon\asios-execution-set\ARC\ARC\ARC_PRIZE_SUBMISSION_WINNING_ONLY_VERIFY\evidence\manifest.json; Hash=E3566B3A06430868D71E9287DFD6C6C520A3DA027AABEA01951D407EE131DC2F}
@{Path=C:\Users\aureon\asios-execution-set\ARC\ARC\ARC_PRIZE_SUBMISSION_WINNING_ONLY_VERIFY\SUBMISSION_SHA256.json; Hash=090DB1331B5179A481A99B31BDB710DAC7FAE90FBC7F85040270839C60491B3B}
