[
    {
        "Path":  "C:\\Users\\aureon\\asios-execution-set\\ARC\\ARC\\WINNING_ONLY\\evidence\\arc_agi_2_task_1_epoch_proof.json",
        "Hash":  "E3566B3A06430868D71E9287DFD6C6C520A3DA027AABEA01951D407EE131DC2F"
    },
    {
        "Path":  "C:\\Users\\aureon\\asios-execution-set\\ARC\\ARC\\WINNING_ONLY\\evidence\\arc_agi_2_task_1_verification.json",
        "Hash":  "E3566B3A06430868D71E9287DFD6C6C520A3DA027AABEA01951D407EE131DC2F"
    },
    {
        "Path":  "C:\\Users\\aureon\\asios-execution-set\\ARC\\ARC\\WINNING_ONLY\\evidence\\arc_solver.py",
        "Hash":  "E3566B3A06430868D71E9287DFD6C6C520A3DA027AABEA01951D407EE131DC2F"
    },
    {
        "Path":  "C:\\Users\\aureon\\asios-execution-set\\ARC\\ARC\\WINNING_ONLY\\evidence\\hashes.sha256",
        "Hash":  "E3566B3A06430868D71E9287DFD6C6C520A3DA027AABEA01951D407EE131DC2F"
    },
    {
        "Path":  "C:\\Users\\aureon\\asios-execution-set\\ARC\\ARC\\WINNING_ONLY\\evidence\\manifest.json",
        "Hash":  "E3566B3A06430868D71E9287DFD6C6C520A3DA027AABEA01951D407EE131DC2F"
    }
]
